video_name,aircraft,visibility,mist,fog,haze,sky_cover_l1,cloud_height_l1,rain,snow
1_2022-06-24-09-05-05,3,10,FALSE,FALSE,FALSE,CLR,M,FALSE,FALSE
1_2022-06-24-11-07-25,2,10,FALSE,FALSE,FALSE,CLR,M,FALSE,FALSE
1_2022-06-24-11-18-30,3,10,FALSE,FALSE,FALSE,CLR,M,FALSE,FALSE
1_2022-06-25-09-10-13,3,10,FALSE,FALSE,FALSE,CLR,M,FALSE,FALSE
1_2022-06-25-09-36-16,3,10,FALSE,FALSE,FALSE,CLR,M,FALSE,FALSE
1_2022-06-25-09-57-48,1,10,FALSE,FALSE,FALSE,CLR,M,FALSE,FALSE
1_2022-06-25-10-53-05,4,10,FALSE,FALSE,FALSE,CLR,M,FALSE,FALSE
1_2022-06-25-10-58-37,7,10,FALSE,FALSE,FALSE,CLR,M,FALSE,FALSE
1_2022-06-25-11-09-40,4,10,FALSE,FALSE,FALSE,CLR,M,FALSE,FALSE
1_2022-06-25-11-17-26,4,10,FALSE,FALSE,FALSE,CLR,M,FALSE,FALSE
1_2022-06-25-11-31-14,8,10,FALSE,FALSE,FALSE,CLR,M,FALSE,FALSE
1_2022-06-25-11-44-25,3,10,FALSE,FALSE,FALSE,CLR,M,FALSE,FALSE
1_2022-06-25-11-58-40,4,10,FALSE,FALSE,FALSE,CLR,M,FALSE,FALSE
1_2022-06-26-08-32-07,1,10,FALSE,FALSE,FALSE,CLR,M,FALSE,FALSE
1_2022-06-26-13-14-35,1,9,FALSE,FALSE,FALSE,BKN,2500,FALSE,FALSE
1_2022-06-26-14-34-26,1,8,FALSE,FALSE,FALSE,BKN,2000,FALSE,FALSE
1_2022-06-26-16-02-43,1,3,FALSE,FALSE,FALSE,SCT,1600,TRUE,FALSE
1_2022-06-26-16-14-50,1,3,FALSE,FALSE,FALSE,SCT,1600,TRUE,FALSE
1_2022-06-26-20-08-35,1,7,FALSE,FALSE,FALSE,SCT,800,FALSE,FALSE
1_2022-06-27-19-18-16,2,10,FALSE,FALSE,FALSE,CLR,M,FALSE,FALSE
1_2022-06-28-06-45-01,2,10,FALSE,FALSE,FALSE,CLR,M,FALSE,FALSE
1_2022-06-28-08-25-14,2,10,FALSE,FALSE,FALSE,CLR,M,FALSE,FALSE
1_2022-06-28-08-31-50,1,10,FALSE,FALSE,FALSE,CLR,M,FALSE,FALSE
1_2022-06-28-08-37-18,3,10,FALSE,FALSE,FALSE,CLR,M,FALSE,FALSE
1_2022-06-28-08-42-45,3,10,FALSE,FALSE,FALSE,CLR,M,FALSE,FALSE
1_2022-06-28-09-00-11,5,10,FALSE,FALSE,FALSE,CLR,M,FALSE,FALSE
1_2022-06-28-09-05-38,6,10,FALSE,FALSE,FALSE,CLR,M,FALSE,FALSE
1_2022-06-28-09-11-06,3,10,FALSE,FALSE,FALSE,CLR,M,FALSE,FALSE
1_2022-06-28-09-16-34,5,10,FALSE,FALSE,FALSE,CLR,M,FALSE,FALSE
1_2022-06-28-09-34-50,5,10,FALSE,FALSE,FALSE,CLR,M,FALSE,FALSE
1_2022-06-28-10-11-29,4,10,FALSE,FALSE,FALSE,CLR,M,FALSE,FALSE
1_2022-06-28-10-19-08,2,10,FALSE,FALSE,FALSE,CLR,M,FALSE,FALSE
1_2022-06-28-10-51-21,4,10,FALSE,FALSE,FALSE,CLR,M,FALSE,FALSE
1_2022-06-28-11-08-10,5,10,FALSE,FALSE,FALSE,CLR,M,FALSE,FALSE
1_2022-06-28-11-53-56,5,10,FALSE,FALSE,FALSE,CLR,M,FALSE,FALSE
1_2022-06-28-12-21-27,4,10,FALSE,FALSE,FALSE,CLR,M,FALSE,FALSE
1_2022-06-28-15-14-13,6,10,FALSE,FALSE,FALSE,CLR,M,FALSE,FALSE
1_2022-06-28-16-10-40,4,10,FALSE,FALSE,FALSE,CLR,M,FALSE,FALSE
1_2022-06-29-09-19-04,3,10,FALSE,FALSE,FALSE,FEW,7000,FALSE,FALSE
1_2022-06-29-09-30-00,4,10,FALSE,FALSE,FALSE,FEW,7000,FALSE,FALSE
1_2022-06-29-19-15-57,2,10,FALSE,FALSE,FALSE,CLR,M,FALSE,FALSE
1_2022-06-29-19-32-36,2,10,FALSE,FALSE,FALSE,CLR,M,FALSE,FALSE
1_2022-06-30-08-30-40,1,10,FALSE,FALSE,FALSE,CLR,M,FALSE,FALSE
1_2022-06-30-13-33-11,5,10,FALSE,FALSE,FALSE,CLR,M,FALSE,FALSE
1_2022-06-30-13-38-43,5,10,FALSE,FALSE,FALSE,CLR,M,FALSE,FALSE
1_2022-06-30-14-01-14,2,10,FALSE,FALSE,FALSE,CLR,M,FALSE,FALSE
1_2022-06-30-14-15-12,1,10,FALSE,FALSE,FALSE,CLR,M,FALSE,FALSE
1_2022-06-30-14-27-16,2,10,FALSE,FALSE,FALSE,CLR,M,FALSE,FALSE
1_2022-07-01-10-59-01,4,10,FALSE,FALSE,FALSE,FEW,4200,FALSE,FALSE
1_2022-07-01-12-35-25,1,9,FALSE,FALSE,FALSE,BKN,4500,FALSE,FALSE
1_2022-07-01-14-20-02,1,10,FALSE,FALSE,FALSE,CLR,M,FALSE,FALSE
1_2022-07-19-14-14-03,2,10,FALSE,FALSE,FALSE,CLR,M,FALSE,FALSE
1_2022-07-19-17-34-37,3,10,FALSE,FALSE,FALSE,CLR,M,FALSE,FALSE
1_2022-07-20-14-28-23,4,10,FALSE,FALSE,FALSE,CLR,M,FALSE,FALSE
1_2022-07-20-17-54-59,1,10,FALSE,FALSE,FALSE,CLR,M,FALSE,FALSE
1_2022-07-20-18-10-58,5,10,FALSE,FALSE,FALSE,CLR,M,FALSE,FALSE
1_2022-07-20-20-17-24,1,10,FALSE,FALSE,FALSE,FEW,9000,TRUE,FALSE
1_2022-07-21-12-05-14,2,10,FALSE,FALSE,FALSE,FEW,4700,FALSE,FALSE
1_2022-07-21-12-31-00,5,10,FALSE,FALSE,FALSE,FEW,4700,FALSE,FALSE
1_2022-07-21-14-55-06,2,10,FALSE,FALSE,FALSE,FEW,4900,FALSE,FALSE
1_2022-07-21-15-39-55,8,10,FALSE,FALSE,FALSE,FEW,5000,FALSE,FALSE
1_2022-07-21-18-47-58,1,10,FALSE,FALSE,FALSE,CLR,M,FALSE,FALSE
1_2022-07-24-11-15-39,4,10,FALSE,FALSE,FALSE,FEW,5000,FALSE,FALSE
1_2022-07-24-16-04-52,2,10,FALSE,FALSE,FALSE,CLR,M,FALSE,FALSE
1_2022-07-24-16-33-39,3,10,FALSE,FALSE,FALSE,CLR,M,FALSE,FALSE
1_2022-07-25-11-44-10,1,10,FALSE,FALSE,FALSE,SCT,4900,FALSE,FALSE
1_2022-07-25-15-41-28,5,10,FALSE,FALSE,FALSE,CLR,M,FALSE,FALSE
1_2022-08-23-09-24-04,2,10,FALSE,FALSE,FALSE,FEW,4800,FALSE,FALSE
1_2022-08-23-12-42-45,4,10,FALSE,FALSE,FALSE,CLR,M,FALSE,FALSE
1_2022-08-23-16-23-00,5,10,FALSE,FALSE,FALSE,FEW,4900,FALSE,FALSE
1_2022-08-23-18-34-53,3,10,FALSE,FALSE,FALSE,SCT,7000,FALSE,FALSE
1_2022-08-23-19-20-06,2,10,FALSE,FALSE,FALSE,FEW,6000,FALSE,FALSE
1_2022-08-24-08-33-07,4,10,FALSE,FALSE,FALSE,CLR,M,FALSE,FALSE
1_2022-08-24-09-35-50,2,10,FALSE,FALSE,FALSE,SCT,5000,FALSE,FALSE
1_2022-08-24-16-13-42,7,10,FALSE,FALSE,FALSE,CLR,M,FALSE,FALSE
1_2022-08-24-16-31-43,3,10,FALSE,FALSE,FALSE,CLR,M,FALSE,FALSE
1_2022-08-24-17-03-24,3,10,FALSE,FALSE,FALSE,CLR,M,FALSE,FALSE
1_2022-08-24-17-20-24,6,10,FALSE,FALSE,FALSE,CLR,M,FALSE,FALSE
1_2022-08-24-18-31-53,5,10,FALSE,FALSE,FALSE,CLR,M,FALSE,FALSE
1_2022-08-24-19-09-18,4,8,FALSE,FALSE,FALSE,CLR,M,FALSE,FALSE
1_2022-08-25-07-11-19,1,10,TRUE,FALSE,FALSE,FEW,4600,FALSE,FALSE
1_2022-08-25-11-54-56,2,10,FALSE,FALSE,FALSE,BKN,6500,FALSE,FALSE
1_2022-08-25-12-38-35,9,10,FALSE,FALSE,FALSE,SCT,6500,FALSE,FALSE
1_2022-08-25-15-31-45,4,10,FALSE,FALSE,FALSE,CLR,M,FALSE,FALSE
1_2022-08-26-09-21-43,3,10,FALSE,FALSE,FALSE,FEW,4300,FALSE,FALSE
1_2022-08-26-09-27-10,5,10,FALSE,FALSE,FALSE,FEW,4300,FALSE,FALSE
1_2022-08-26-14-05-24,2,10,FALSE,FALSE,FALSE,CLR,M,FALSE,FALSE
1_2022-08-31-18-25-09,6,10,FALSE,FALSE,FALSE,CLR,M,FALSE,FALSE
1_2022-09-01-06-28-37,2,10,FALSE,FALSE,FALSE,SCT,5500,FALSE,FALSE
1_2022-09-01-08-11-31,4,10,FALSE,FALSE,FALSE,SCT,4100,FALSE,FALSE
1_2022-09-01-11-44-00,2,10,FALSE,FALSE,FALSE,FEW,6000,FALSE,FALSE
1_2022-09-02-07-51-11,2,10,FALSE,FALSE,FALSE,FEW,3700,FALSE,FALSE
1_2022-09-02-09-59-29,5,10,FALSE,FALSE,FALSE,SCT,5000,FALSE,FALSE
1_2022-09-02-12-20-57,4,10,FALSE,FALSE,FALSE,FEW,5500,FALSE,FALSE
1_2022-09-02-12-53-38,6,10,FALSE,FALSE,FALSE,FEW,5500,FALSE,FALSE
1_2022-09-02-13-33-57,8,10,FALSE,FALSE,FALSE,CLR,M,FALSE,FALSE
1_2022-09-02-13-39-24,7,10,FALSE,FALSE,FALSE,CLR,M,FALSE,FALSE
1_2022-09-02-14-43-57,2,10,FALSE,FALSE,FALSE,CLR,M,FALSE,FALSE
1_2022-09-02-14-54-41,3,10,FALSE,FALSE,FALSE,CLR,M,FALSE,FALSE
1_2022-09-02-15-20-21,5,10,FALSE,FALSE,FALSE,CLR,M,FALSE,FALSE
1_2022-09-02-15-25-48,4,10,FALSE,FALSE,FALSE,CLR,M,FALSE,FALSE
1_2022-09-02-15-40-33,4,10,FALSE,FALSE,FALSE,CLR,M,FALSE,FALSE
1_2022-09-02-16-06-35,6,10,FALSE,FALSE,FALSE,CLR,M,FALSE,FALSE
1_2022-09-02-16-38-31,4,10,FALSE,FALSE,FALSE,CLR,M,FALSE,FALSE
1_2022-09-02-17-16-42,5,10,FALSE,FALSE,FALSE,CLR,M,FALSE,FALSE
1_2022-09-02-17-22-09,5,10,FALSE,FALSE,FALSE,CLR,M,FALSE,FALSE
1_2022-09-02-17-43-54,4,10,FALSE,FALSE,FALSE,CLR,M,FALSE,FALSE
1_2022-09-02-17-49-22,8,10,FALSE,FALSE,FALSE,CLR,M,FALSE,FALSE
1_2022-09-02-18-34-47,5,10,FALSE,FALSE,FALSE,CLR,M,FALSE,FALSE
1_2022-09-02-18-46-58,5,10,FALSE,FALSE,FALSE,CLR,M,FALSE,FALSE
1_2022-09-02-19-16-21,2,10,FALSE,FALSE,FALSE,CLR,M,FALSE,FALSE
1_2022-09-02-19-44-14,2,10,FALSE,FALSE,FALSE,CLR,M,FALSE,FALSE
1_2022-09-03-07-18-46,1,10,FALSE,FALSE,FALSE,CLR,M,FALSE,FALSE
1_2022-09-03-07-24-52,1,10,FALSE,FALSE,FALSE,CLR,M,FALSE,FALSE
1_2022-09-03-07-30-22,1,10,FALSE,FALSE,FALSE,CLR,M,FALSE,FALSE
1_2022-09-03-07-54-19,3,10,FALSE,FALSE,FALSE,CLR,M,FALSE,FALSE
1_2022-09-03-07-59-47,4,10,FALSE,FALSE,FALSE,CLR,M,FALSE,FALSE
1_2022-09-03-08-14-18,1,10,FALSE,FALSE,FALSE,CLR,M,FALSE,FALSE
1_2022-09-03-08-23-33,2,10,FALSE,FALSE,FALSE,CLR,M,FALSE,FALSE
1_2022-09-03-08-59-26,2,10,FALSE,FALSE,FALSE,SCT,9500,FALSE,FALSE
1_2022-09-03-09-10-22,2,10,FALSE,FALSE,FALSE,SCT,9500,FALSE,FALSE
1_2022-09-03-09-15-50,4,10,FALSE,FALSE,FALSE,SCT,9500,FALSE,FALSE
1_2022-09-03-09-26-44,4,10,FALSE,FALSE,FALSE,SCT,9500,FALSE,FALSE
1_2022-09-03-09-33-07,3,10,FALSE,FALSE,FALSE,SCT,9500,FALSE,FALSE
1_2022-09-03-10-09-52,2,10,FALSE,FALSE,FALSE,FEW,3000,FALSE,FALSE
1_2022-09-03-10-15-13,4,10,FALSE,FALSE,FALSE,FEW,3000,FALSE,FALSE
1_2022-09-03-10-24-15,1,10,FALSE,FALSE,FALSE,FEW,3000,FALSE,FALSE
1_2022-09-03-11-07-25,6,10,FALSE,FALSE,FALSE,FEW,4100,FALSE,FALSE
1_2022-09-03-11-34-30,6,10,FALSE,FALSE,FALSE,FEW,4100,FALSE,FALSE
1_2022-09-03-14-19-28,4,10,FALSE,FALSE,FALSE,OVC,11000,FALSE,FALSE
1_2022-09-03-15-57-58,4,9,FALSE,FALSE,FALSE,BKN,9500,FALSE,FALSE
1_2022-09-03-16-47-54,1,9,FALSE,FALSE,FALSE,BKN,9500,FALSE,FALSE
1_2022-09-03-17-13-04,1,9,FALSE,FALSE,FALSE,BKN,9000,FALSE,FALSE
1_2022-09-03-18-04-33,1,10,FALSE,FALSE,FALSE,BKN,7000,FALSE,FALSE
1_2022-09-03-18-09-37,3,10,FALSE,FALSE,FALSE,BKN,7000,FALSE,FALSE
1_2022-09-04-09-02-50,2,9,FALSE,FALSE,FALSE,BKN,11000,FALSE,FALSE
1_2022-09-04-13-35-42,1,7,FALSE,FALSE,FALSE,BKN,12000,FALSE,FALSE
1_2022-09-04-14-43-28,2,9,FALSE,FALSE,FALSE,OVC,11000,FALSE,FALSE
1_2022-09-04-18-58-32,1,7,FALSE,FALSE,FALSE,SCT,8500,FALSE,FALSE
1_2022-09-05-10-24-09,2,6,TRUE,FALSE,FALSE,SCT,600,TRUE,FALSE
1_2022-09-07-18-39-43,5,10,FALSE,FALSE,FALSE,OVC,1400,FALSE,FALSE
1_2022-09-08-09-35-27,3,10,FALSE,FALSE,FALSE,SCT,3400,FALSE,FALSE
1_2022-09-08-10-55-37,2,10,FALSE,FALSE,FALSE,CLR,M,FALSE,FALSE
1_2022-09-08-11-18-29,3,10,FALSE,FALSE,FALSE,FEW,4400,FALSE,FALSE
1_2022-09-08-11-22-20,2,10,FALSE,FALSE,FALSE,FEW,4400,FALSE,FALSE
1_2022-09-08-14-36-22,3,10,FALSE,FALSE,FALSE,CLR,M,FALSE,FALSE
1_2022-09-08-14-42-55,2,10,FALSE,FALSE,FALSE,CLR,M,FALSE,FALSE
1_2022-09-08-14-53-50,4,10,FALSE,FALSE,FALSE,CLR,M,FALSE,FALSE
1_2022-09-08-15-10-12,3,10,FALSE,FALSE,FALSE,CLR,M,FALSE,FALSE
1_2022-09-08-15-26-34,7,10,FALSE,FALSE,FALSE,CLR,M,FALSE,FALSE
1_2022-09-08-15-43-01,5,10,FALSE,FALSE,FALSE,CLR,M,FALSE,FALSE
1_2022-09-08-15-48-29,6,10,FALSE,FALSE,FALSE,CLR,M,FALSE,FALSE
1_2022-09-08-15-53-55,5,10,FALSE,FALSE,FALSE,CLR,M,FALSE,FALSE
1_2022-09-08-15-59-33,5,10,FALSE,FALSE,FALSE,CLR,M,FALSE,FALSE
1_2022-09-08-16-05-06,3,10,FALSE,FALSE,FALSE,CLR,M,FALSE,FALSE
1_2022-09-08-16-10-37,4,10,FALSE,FALSE,FALSE,CLR,M,FALSE,FALSE
1_2022-09-08-16-43-47,2,10,FALSE,FALSE,FALSE,CLR,M,FALSE,FALSE
1_2022-09-08-16-54-46,5,10,FALSE,FALSE,FALSE,CLR,M,FALSE,FALSE
1_2022-09-08-17-11-26,4,10,FALSE,FALSE,FALSE,CLR,M,FALSE,FALSE
1_2022-09-08-17-16-57,3,10,FALSE,FALSE,FALSE,CLR,M,FALSE,FALSE
1_2022-09-08-17-32-03,2,10,FALSE,FALSE,FALSE,CLR,M,FALSE,FALSE
1_2022-09-08-18-13-33,2,10,FALSE,FALSE,FALSE,CLR,M,FALSE,FALSE
1_2022-09-08-18-51-08,3,10,FALSE,FALSE,FALSE,CLR,M,FALSE,FALSE
1_2022-09-08-19-46-14,1,10,FALSE,FALSE,FALSE,CLR,M,FALSE,FALSE
1_2022-09-09-06-39-17,1,10,FALSE,FALSE,FALSE,CLR,M,FALSE,FALSE
1_2022-09-09-07-11-24,1,10,FALSE,FALSE,FALSE,CLR,M,FALSE,FALSE
1_2022-09-09-07-34-00,1,10,FALSE,FALSE,FALSE,CLR,M,FALSE,FALSE
1_2022-09-09-07-40-25,1,10,FALSE,FALSE,FALSE,CLR,M,FALSE,FALSE
1_2022-09-09-07-44-48,2,10,FALSE,FALSE,FALSE,CLR,M,FALSE,FALSE
1_2022-09-09-08-00-31,2,10,FALSE,FALSE,FALSE,FEW,4800,FALSE,FALSE
1_2022-09-09-08-11-00,2,10,FALSE,FALSE,FALSE,FEW,4800,FALSE,FALSE
1_2022-09-09-08-32-55,3,10,FALSE,FALSE,FALSE,FEW,4800,FALSE,FALSE
1_2022-09-09-08-43-47,8,10,FALSE,FALSE,FALSE,FEW,4800,FALSE,FALSE
1_2022-09-09-08-54-39,2,10,FALSE,FALSE,FALSE,FEW,4800,FALSE,FALSE
1_2022-09-09-09-00-05,2,10,FALSE,FALSE,FALSE,FEW,4900,FALSE,FALSE
1_2022-09-09-09-05-31,3,10,FALSE,FALSE,FALSE,FEW,4900,FALSE,FALSE
1_2022-09-09-09-16-24,3,10,FALSE,FALSE,FALSE,FEW,4900,FALSE,FALSE
1_2022-09-09-09-35-21,2,10,FALSE,FALSE,FALSE,FEW,4900,FALSE,FALSE
1_2022-09-09-09-41-45,3,10,FALSE,FALSE,FALSE,FEW,4900,FALSE,FALSE
1_2022-09-09-09-47-12,2,10,FALSE,FALSE,FALSE,FEW,4900,FALSE,FALSE
1_2022-09-09-09-55-36,1,10,FALSE,FALSE,FALSE,FEW,4900,FALSE,FALSE
1_2022-09-09-10-05-03,2,10,FALSE,FALSE,FALSE,BKN,7000,FALSE,FALSE
1_2022-09-09-10-10-29,3,10,FALSE,FALSE,FALSE,BKN,7000,FALSE,FALSE
1_2022-09-09-10-15-55,4,10,FALSE,FALSE,FALSE,BKN,7000,FALSE,FALSE
1_2022-09-09-10-29-18,1,10,FALSE,FALSE,FALSE,BKN,7000,FALSE,FALSE
1_2022-09-09-10-34-23,5,10,FALSE,FALSE,FALSE,BKN,7000,FALSE,FALSE
1_2022-09-09-10-39-53,7,10,FALSE,FALSE,FALSE,BKN,7000,FALSE,FALSE
1_2022-09-09-10-46-25,1,10,FALSE,FALSE,FALSE,BKN,7000,FALSE,FALSE
1_2022-09-09-11-02-14,1,10,FALSE,FALSE,FALSE,BKN,5500,FALSE,FALSE
1_2022-09-09-11-06-59,1,10,FALSE,FALSE,FALSE,BKN,5500,FALSE,FALSE
1_2022-09-09-11-09-33,2,10,FALSE,FALSE,FALSE,BKN,5500,FALSE,FALSE
1_2022-09-09-11-53-50,5,10,FALSE,FALSE,FALSE,BKN,5500,FALSE,FALSE
1_2022-09-09-12-30-37,5,10,FALSE,FALSE,FALSE,SCT,6000,FALSE,FALSE
1_2022-09-09-12-36-03,5,10,FALSE,FALSE,FALSE,SCT,6000,FALSE,FALSE
1_2022-09-09-12-41-29,6,10,FALSE,FALSE,FALSE,SCT,6000,FALSE,FALSE
1_2022-09-09-12-46-55,7,10,FALSE,FALSE,FALSE,SCT,6000,FALSE,FALSE
1_2022-09-09-12-52-27,7,10,FALSE,FALSE,FALSE,SCT,6000,FALSE,FALSE
1_2022-09-09-12-57-53,7,10,FALSE,FALSE,FALSE,CLR,M,FALSE,FALSE
1_2022-09-09-13-08-46,9,10,FALSE,FALSE,FALSE,CLR,M,FALSE,FALSE
1_2022-09-09-13-14-17,10,10,FALSE,FALSE,FALSE,CLR,M,FALSE,FALSE
1_2022-09-09-13-29-35,5,10,FALSE,FALSE,FALSE,CLR,M,FALSE,FALSE
1_2022-09-09-14-05-16,7,10,FALSE,FALSE,FALSE,CLR,M,FALSE,FALSE
1_2022-09-09-14-30-16,2,10,FALSE,FALSE,FALSE,CLR,M,FALSE,FALSE
1_2022-09-09-15-17-24,3,10,FALSE,FALSE,FALSE,CLR,M,FALSE,FALSE
1_2022-09-09-15-27-38,2,10,FALSE,FALSE,FALSE,CLR,M,FALSE,FALSE
1_2022-09-09-16-20-36,3,10,FALSE,FALSE,FALSE,CLR,M,FALSE,FALSE
1_2022-09-09-17-19-30,2,10,FALSE,FALSE,FALSE,CLR,M,FALSE,FALSE
1_2022-09-09-17-34-49,3,10,FALSE,FALSE,FALSE,CLR,M,FALSE,FALSE
1_2022-09-09-18-33-19,4,10,FALSE,FALSE,FALSE,CLR,M,FALSE,FALSE
1_2022-09-09-18-38-45,4,10,FALSE,FALSE,FALSE,CLR,M,FALSE,FALSE
1_2022-09-09-18-44-11,3,10,FALSE,FALSE,FALSE,CLR,M,FALSE,FALSE
1_2022-09-09-19-03-53,2,10,FALSE,FALSE,FALSE,CLR,M,FALSE,FALSE
1_2022-09-09-19-23-24,3,10,FALSE,FALSE,FALSE,CLR,M,FALSE,FALSE
1_2022-09-10-18-13-19,3,10,FALSE,FALSE,FALSE,BKN,11000,TRUE,FALSE
1_2022-09-10-18-17-50,1,10,FALSE,FALSE,FALSE,BKN,11000,TRUE,FALSE
1_2022-09-10-18-26-47,3,10,FALSE,FALSE,FALSE,BKN,11000,TRUE,FALSE
1_2022-09-11-13-40-47,1,10,FALSE,FALSE,FALSE,OVC,6000,FALSE,FALSE
1_2022-09-11-13-45-45,1,10,FALSE,FALSE,FALSE,OVC,6000,FALSE,FALSE
1_2022-09-11-15-43-00,1,10,FALSE,FALSE,FALSE,OVC,6000,FALSE,FALSE
1_2022-09-11-17-01-57,1,10,FALSE,FALSE,FALSE,FEW,6500,FALSE,FALSE
1_2022-11-17-11-24-26,3,10,FALSE,FALSE,FALSE,BKN,2800,FALSE,FALSE
0_2022-11-17-12-05-08,1,10,FALSE,FALSE,FALSE,SCT,2700,FALSE,FALSE
1_2022-11-17-12-16-10,2,10,FALSE,FALSE,FALSE,SCT,2700,FALSE,FALSE
0_2022-11-17-12-16-10,2,10,FALSE,FALSE,FALSE,SCT,2700,FALSE,FALSE
1_2022-11-17-12-28-36,1,10,FALSE,FALSE,FALSE,SCT,2700,FALSE,FALSE
0_2022-11-17-12-28-36,1,10,FALSE,FALSE,FALSE,SCT,2700,FALSE,FALSE
1_2022-11-17-12-41-26,1,10,FALSE,FALSE,FALSE,SCT,2700,FALSE,FALSE
0_2022-11-17-12-41-26,1,10,FALSE,FALSE,FALSE,SCT,2700,FALSE,FALSE
1_2022-11-17-14-43-17,5,10,FALSE,FALSE,FALSE,OVC,3100,FALSE,FALSE
0_2022-11-17-14-43-17,5,10,FALSE,FALSE,FALSE,OVC,3100,FALSE,FALSE
0_2022-11-17-14-56-25,5,10,FALSE,FALSE,FALSE,OVC,3400,FALSE,FALSE
1_2022-11-17-15-32-10,7,10,FALSE,FALSE,FALSE,OVC,3400,FALSE,FALSE
1_2022-11-17-15-39-00,9,10,FALSE,FALSE,FALSE,OVC,3400,FALSE,FALSE
0_2022-11-17-15-39-00,9,10,FALSE,FALSE,FALSE,OVC,3400,FALSE,FALSE
1_2022-11-17-15-45-51,7,10,FALSE,FALSE,FALSE,OVC,3400,FALSE,FALSE
0_2022-11-17-15-45-51,7,10,FALSE,FALSE,FALSE,OVC,3400,FALSE,FALSE
0_2022-11-17-15-58-30,4,7,FALSE,FALSE,FALSE,OVC,2800,FALSE,FALSE
1_2022-11-17-16-04-03,2,7,FALSE,FALSE,FALSE,OVC,2800,FALSE,FALSE
0_2022-11-17-16-04-03,2,7,FALSE,FALSE,FALSE,OVC,2800,FALSE,FALSE
0_2022-11-17-16-11-13,2,7,FALSE,FALSE,FALSE,OVC,2800,FALSE,FALSE
1_2022-11-18-07-00-32,2,1.75,FALSE,FALSE,FALSE,FEW,1500,FALSE,TRUE
0_2022-11-18-07-12-25,2,1.75,FALSE,FALSE,FALSE,FEW,1500,FALSE,TRUE
1_2022-11-18-07-23-33,1,1.75,FALSE,FALSE,FALSE,FEW,1500,FALSE,TRUE
0_2022-11-18-07-23-33,1,1.75,FALSE,FALSE,FALSE,FEW,1500,FALSE,TRUE
0_2022-11-18-07-29-05,1,1.75,FALSE,FALSE,FALSE,FEW,1500,FALSE,TRUE
1_2022-11-18-11-35-32,2,10,FALSE,FALSE,FALSE,CLR,M,FALSE,FALSE
0_2022-11-18-11-35-32,2,10,FALSE,FALSE,FALSE,CLR,M,FALSE,FALSE
1_2022-11-18-11-50-39,2,10,FALSE,FALSE,FALSE,CLR,M,FALSE,FALSE
0_2022-11-18-13-06-27,3,10,FALSE,FALSE,FALSE,OVC,4600,FALSE,FALSE
1_2022-11-18-14-34-32,4,10,FALSE,FALSE,FALSE,OVC,4400,FALSE,FALSE
0_2022-11-18-14-34-32,4,10,FALSE,FALSE,FALSE,OVC,4400,FALSE,FALSE
0_2022-11-18-15-25-26,3,10,FALSE,FALSE,FALSE,OVC,3700,FALSE,FALSE
0_2022-11-18-15-30-58,2,10,FALSE,FALSE,FALSE,OVC,3700,FALSE,FALSE
0_2022-11-18-16-09-32,3,10,FALSE,FALSE,FALSE,OVC,4000,FALSE,FALSE
0_2022-11-18-17-08-53,2,10,FALSE,FALSE,FALSE,CLR,M,FALSE,FALSE
0_2022-11-19-07-31-15,2,10,FALSE,FALSE,FALSE,SCT,4300,FALSE,FALSE
0_2022-11-19-08-25-51,1,10,FALSE,FALSE,FALSE,FEW,4500,FALSE,FALSE
0_2022-11-19-08-40-16,4,10,FALSE,FALSE,FALSE,FEW,4500,FALSE,FALSE
1_2022-11-19-09-09-19,7,10,FALSE,FALSE,FALSE,FEW,4600,FALSE,FALSE
0_2022-11-19-09-43-39,3,10,FALSE,FALSE,FALSE,FEW,4600,FALSE,FALSE
0_2022-11-19-09-54-05,2,10,FALSE,FALSE,FALSE,FEW,4600,FALSE,FALSE
0_2022-11-19-09-59-42,2,10,FALSE,FALSE,FALSE,CLR,M,FALSE,FALSE
0_2022-11-19-10-05-14,4,10,FALSE,FALSE,FALSE,CLR,M,FALSE,FALSE
0_2022-11-19-10-10-46,3,10,FALSE,FALSE,FALSE,CLR,M,FALSE,FALSE
0_2022-11-19-10-16-18,2,10,FALSE,FALSE,FALSE,CLR,M,FALSE,FALSE
0_2022-11-19-10-21-50,2,10,FALSE,FALSE,FALSE,CLR,M,FALSE,FALSE
1_2022-11-19-10-25-47,5,10,FALSE,FALSE,FALSE,CLR,M,FALSE,FALSE
0_2022-11-19-10-25-47,5,10,FALSE,FALSE,FALSE,CLR,M,FALSE,FALSE
0_2022-11-19-10-46-05,4,10,FALSE,FALSE,FALSE,CLR,M,FALSE,FALSE
1_2022-11-19-10-55-26,4,10,FALSE,FALSE,FALSE,CLR,M,FALSE,FALSE
0_2022-11-19-11-35-38,6,10,FALSE,FALSE,FALSE,CLR,M,FALSE,FALSE
0_2022-11-19-12-16-30,2,10,FALSE,FALSE,FALSE,CLR,M,FALSE,FALSE
0_2022-11-19-12-45-38,2,10,FALSE,FALSE,FALSE,CLR,M,FALSE,FALSE
0_2022-11-19-12-51-10,4,10,FALSE,FALSE,FALSE,CLR,M,FALSE,FALSE
0_2022-11-19-13-11-22,1,10,FALSE,FALSE,FALSE,FEW,10000,FALSE,FALSE
0_2022-11-19-13-51-19,1,10,FALSE,FALSE,FALSE,FEW,10000,FALSE,FALSE
0_2022-11-19-13-57-21,3,10,FALSE,FALSE,FALSE,OVC,12000,FALSE,FALSE
1_2022-11-19-14-41-55,2,10,FALSE,FALSE,FALSE,OVC,12000,FALSE,FALSE
0_2022-11-19-15-00-28,3,10,FALSE,FALSE,FALSE,OVC,9000,FALSE,FALSE
0_2022-11-19-15-24-23,3,10,FALSE,FALSE,FALSE,OVC,9000,FALSE,FALSE
1_2022-11-19-15-50-50,1,10,FALSE,FALSE,FALSE,OVC,9000,FALSE,FALSE
1_2022-11-19-16-10-00,5,10,FALSE,FALSE,FALSE,FEW,5500,FALSE,FALSE
0_2022-11-19-16-10-00,5,10,FALSE,FALSE,FALSE,FEW,5500,FALSE,FALSE
0_2022-11-19-16-15-38,2,10,FALSE,FALSE,FALSE,FEW,5500,FALSE,FALSE
1_2022-11-19-16-19-04,1,10,FALSE,FALSE,FALSE,FEW,5500,FALSE,FALSE
1_2022-11-19-16-48-53,1,10,FALSE,FALSE,FALSE,FEW,5500,FALSE,FALSE
0_2022-11-19-16-56-58,4,10,FALSE,FALSE,FALSE,FEW,4700,FALSE,FALSE
0_2022-11-20-07-40-35,2,10,FALSE,FALSE,FALSE,FEW,4700,FALSE,FALSE
0_2022-11-20-08-43-47,1,10,FALSE,FALSE,FALSE,CLR,M,FALSE,FALSE
0_2022-11-20-08-48-06,2,10,FALSE,FALSE,FALSE,CLR,M,FALSE,FALSE
0_2022-11-20-08-58-03,1,10,FALSE,FALSE,FALSE,CLR,M,FALSE,FALSE
1_2022-11-20-09-15-00,4,10,FALSE,FALSE,FALSE,CLR,M,FALSE,FALSE
1_2022-11-20-09-38-35,4,10,FALSE,FALSE,FALSE,CLR,M,FALSE,FALSE
1_2022-11-20-09-46-54,2,10,FALSE,FALSE,FALSE,CLR,M,FALSE,FALSE
0_2022-11-20-10-09-38,1,10,FALSE,FALSE,FALSE,CLR,M,FALSE,FALSE
0_2022-11-20-10-56-23,2,10,FALSE,FALSE,FALSE,CLR,M,FALSE,FALSE
1_2022-11-20-11-02-59,1,10,FALSE,FALSE,FALSE,CLR,M,FALSE,FALSE
1_2022-11-20-11-19-40,3,10,FALSE,FALSE,FALSE,CLR,M,FALSE,FALSE
0_2022-11-20-11-25-14,2,10,FALSE,FALSE,FALSE,CLR,M,FALSE,FALSE
1_2022-11-20-12-21-05,6,10,FALSE,FALSE,FALSE,CLR,M,FALSE,FALSE
1_2022-11-20-15-01-25,3,10,FALSE,FALSE,FALSE,CLR,M,FALSE,FALSE
0_2022-11-20-15-01-25,3,10,FALSE,FALSE,FALSE,CLR,M,FALSE,FALSE
0_2022-11-20-15-36-44,2,10,FALSE,FALSE,FALSE,CLR,M,FALSE,FALSE
1_2022-11-20-15-44-40,4,10,FALSE,FALSE,FALSE,CLR,M,FALSE,FALSE
1_2022-11-20-16-06-23,3,10,FALSE,FALSE,FALSE,CLR,M,FALSE,FALSE
1_2022-11-20-16-53-52,1,10,FALSE,FALSE,FALSE,CLR,M,FALSE,FALSE
1_2022-11-21-07-19-08,1,10,FALSE,FALSE,FALSE,CLR,M,FALSE,FALSE
1_2022-11-21-07-25-57,3,10,FALSE,FALSE,FALSE,CLR,M,FALSE,FALSE
1_2022-11-21-07-39-29,3,10,FALSE,FALSE,FALSE,CLR,M,FALSE,FALSE
1_2022-11-21-08-08-07,3,10,FALSE,FALSE,FALSE,CLR,M,FALSE,FALSE
1_2022-11-21-08-24-31,3,10,FALSE,FALSE,FALSE,CLR,M,FALSE,FALSE
1_2022-11-21-08-39-48,3,10,FALSE,FALSE,FALSE,CLR,M,FALSE,FALSE
0_2022-11-21-08-48-20,6,10,FALSE,FALSE,FALSE,CLR,M,FALSE,FALSE
1_2022-11-21-09-02-55,7,10,FALSE,FALSE,FALSE,CLR,M,FALSE,FALSE
1_2022-11-21-11-22-45,3,10,FALSE,FALSE,FALSE,CLR,M,FALSE,FALSE
0_2022-11-21-12-44-27,2,10,FALSE,FALSE,FALSE,CLR,M,FALSE,FALSE
1_2022-11-21-13-16-45,4,10,FALSE,FALSE,FALSE,CLR,M,FALSE,FALSE
1_2022-11-21-14-26-55,1,10,FALSE,FALSE,FALSE,CLR,M,FALSE,FALSE
0_2022-11-21-14-48-18,3,10,FALSE,FALSE,FALSE,CLR,M,FALSE,FALSE
1_2022-11-21-16-01-02,2,10,FALSE,FALSE,FALSE,CLR,M,FALSE,FALSE
1_2022-11-21-16-08-34,3,10,FALSE,FALSE,FALSE,CLR,M,FALSE,FALSE
0_2022-11-21-16-59-13,3,10,FALSE,FALSE,FALSE,CLR,M,FALSE,FALSE
1_2022-11-22-07-25-56,3,10,FALSE,FALSE,FALSE,CLR,M,FALSE,FALSE
0_2022-11-22-07-39-32,3,10,FALSE,FALSE,FALSE,CLR,M,FALSE,FALSE
1_2022-11-22-07-55-11,2,10,FALSE,FALSE,FALSE,CLR,M,FALSE,FALSE
0_2022-11-22-08-15-22,2,10,FALSE,FALSE,FALSE,CLR,M,FALSE,FALSE
1_2022-11-22-08-43-06,5,10,FALSE,FALSE,FALSE,CLR,M,FALSE,FALSE
1_2022-11-22-08-54-11,5,10,FALSE,FALSE,FALSE,CLR,M,FALSE,FALSE
1_2022-11-22-09-11-34,6,10,FALSE,FALSE,FALSE,CLR,M,FALSE,FALSE
0_2022-11-22-09-11-34,6,10,FALSE,FALSE,FALSE,CLR,M,FALSE,FALSE
1_2022-11-22-13-42-50,4,10,FALSE,FALSE,FALSE,CLR,M,FALSE,FALSE
1_2022-11-22-14-09-22,4,10,FALSE,FALSE,FALSE,CLR,M,FALSE,FALSE
1_2022-11-22-14-14-55,3,10,FALSE,FALSE,FALSE,CLR,M,FALSE,FALSE
0_2022-11-22-14-19-25,1,10,FALSE,FALSE,FALSE,CLR,M,FALSE,FALSE
1_2022-11-22-14-27-04,5,10,FALSE,FALSE,FALSE,CLR,M,FALSE,FALSE
1_2022-11-22-14-32-41,6,10,FALSE,FALSE,FALSE,CLR,M,FALSE,FALSE
1_2022-11-22-15-11-39,4,10,FALSE,FALSE,FALSE,CLR,M,FALSE,FALSE
1_2022-11-22-15-17-11,5,10,FALSE,FALSE,FALSE,CLR,M,FALSE,FALSE
1_2022-11-22-15-38-21,6,10,FALSE,FALSE,FALSE,CLR,M,FALSE,FALSE
1_2022-11-22-16-05-22,3,10,FALSE,FALSE,FALSE,CLR,M,FALSE,FALSE
0_2022-11-22-16-21-34,6,10,FALSE,FALSE,FALSE,CLR,M,FALSE,FALSE
0_2022-11-23-12-12-24,5,10,FALSE,FALSE,FALSE,CLR,M,FALSE,FALSE
1_2022-11-23-12-22-24,5,10,FALSE,FALSE,FALSE,CLR,M,FALSE,FALSE
1_2022-11-23-12-36-41,8,10,FALSE,FALSE,FALSE,CLR,M,FALSE,FALSE
1_2022-11-23-13-19-39,3,10,FALSE,FALSE,FALSE,CLR,M,FALSE,FALSE
1_2022-11-23-14-22-27,6,10,FALSE,FALSE,FALSE,CLR,M,FALSE,FALSE
1_2022-11-23-15-24-45,4,9,FALSE,FALSE,FALSE,CLR,M,FALSE,FALSE
1_2022-11-23-15-49-36,4,9,FALSE,FALSE,FALSE,CLR,M,FALSE,FALSE
1_2022-11-23-16-23-40,3,7,FALSE,FALSE,FALSE,CLR,M,FALSE,FALSE
1_2022-11-23-16-32-37,4,7,FALSE,FALSE,FALSE,CLR,M,FALSE,FALSE
1_2022-11-23-17-00-48,1,7,FALSE,FALSE,FALSE,CLR,M,FALSE,FALSE
1_2022-11-24-07-21-02,1,10,FALSE,FALSE,FALSE,CLR,M,FALSE,FALSE
0_2022-11-24-07-21-02,1,10,FALSE,FALSE,FALSE,CLR,M,FALSE,FALSE
1_2022-11-24-08-01-59,3,10,FALSE,FALSE,FALSE,CLR,M,FALSE,FALSE
1_2022-11-24-08-13-37,1,10,FALSE,FALSE,FALSE,CLR,M,FALSE,FALSE
1_2022-11-24-08-24-26,3,10,FALSE,FALSE,FALSE,CLR,M,FALSE,FALSE
0_2022-11-24-08-24-26,3,10,FALSE,FALSE,FALSE,CLR,M,FALSE,FALSE
1_2022-11-24-09-30-02,5,10,FALSE,FALSE,FALSE,CLR,M,FALSE,FALSE
0_2022-11-24-09-30-02,5,10,FALSE,FALSE,FALSE,CLR,M,FALSE,FALSE
1_2022-11-24-09-35-34,4,10,FALSE,FALSE,FALSE,CLR,M,FALSE,FALSE
1_2022-11-24-09-42-12,3,10,FALSE,FALSE,FALSE,CLR,M,FALSE,FALSE
1_2022-11-24-09-47-44,2,10,FALSE,FALSE,FALSE,CLR,M,FALSE,FALSE
1_2022-11-24-09-53-16,1,10,FALSE,FALSE,FALSE,CLR,M,FALSE,FALSE
0_2022-11-24-09-53-16,1,10,FALSE,FALSE,FALSE,CLR,M,FALSE,FALSE
1_2022-11-24-09-58-48,3,10,FALSE,FALSE,FALSE,CLR,M,FALSE,FALSE
0_2022-11-24-09-58-48,3,10,FALSE,FALSE,FALSE,CLR,M,FALSE,FALSE
1_2022-11-24-10-19-55,2,10,FALSE,FALSE,FALSE,CLR,M,FALSE,FALSE
1_2022-11-24-10-25-28,2,10,FALSE,FALSE,FALSE,CLR,M,FALSE,FALSE
0_2022-11-24-10-25-28,2,10,FALSE,FALSE,FALSE,CLR,M,FALSE,FALSE
1_2022-11-24-10-31-00,2,10,FALSE,FALSE,FALSE,CLR,M,FALSE,FALSE
0_2022-11-24-10-31-00,2,10,FALSE,FALSE,FALSE,CLR,M,FALSE,FALSE
1_2022-11-24-10-36-33,2,10,FALSE,FALSE,FALSE,CLR,M,FALSE,FALSE
0_2022-11-24-10-36-33,2,10,FALSE,FALSE,FALSE,CLR,M,FALSE,FALSE
1_2022-11-24-10-42-10,1,10,FALSE,FALSE,FALSE,CLR,M,FALSE,FALSE
0_2022-11-24-10-42-10,1,10,FALSE,FALSE,FALSE,CLR,M,FALSE,FALSE
1_2022-11-24-10-47-42,3,10,FALSE,FALSE,FALSE,CLR,M,FALSE,FALSE
1_2022-11-24-10-53-15,2,10,FALSE,FALSE,FALSE,CLR,M,FALSE,FALSE
0_2022-11-24-10-53-15,2,10,FALSE,FALSE,FALSE,CLR,M,FALSE,FALSE
1_2022-11-24-10-58-47,2,10,FALSE,FALSE,FALSE,CLR,M,FALSE,FALSE
1_2022-11-24-11-04-19,3,10,FALSE,FALSE,FALSE,CLR,M,FALSE,FALSE
0_2022-11-24-11-04-19,3,10,FALSE,FALSE,FALSE,CLR,M,FALSE,FALSE
1_2022-11-24-11-09-51,2,10,FALSE,FALSE,FALSE,CLR,M,FALSE,FALSE
1_2022-11-24-11-15-57,2,10,FALSE,FALSE,FALSE,CLR,M,FALSE,FALSE
0_2022-11-24-11-47-54,3,10,FALSE,FALSE,FALSE,CLR,M,FALSE,FALSE
1_2022-11-24-12-00-48,3,10,FALSE,FALSE,FALSE,CLR,M,FALSE,FALSE
1_2022-11-24-12-13-47,4,10,FALSE,FALSE,FALSE,CLR,M,FALSE,FALSE
1_2022-11-24-12-19-19,2,10,FALSE,FALSE,FALSE,CLR,M,FALSE,FALSE
0_2022-11-24-12-25-42,3,10,FALSE,FALSE,FALSE,CLR,M,FALSE,FALSE
1_2022-11-24-13-34-26,2,10,FALSE,FALSE,FALSE,CLR,M,FALSE,FALSE
1_2022-11-24-13-40-40,1,10,FALSE,FALSE,FALSE,CLR,M,FALSE,FALSE
1_2022-11-24-14-23-50,1,10,FALSE,FALSE,FALSE,CLR,M,FALSE,FALSE
0_2022-11-24-14-35-44,1,10,FALSE,FALSE,FALSE,CLR,M,FALSE,FALSE
1_2022-11-24-14-43-44,1,10,FALSE,FALSE,FALSE,CLR,M,FALSE,FALSE
1_2022-11-24-14-49-01,3,10,FALSE,FALSE,FALSE,CLR,M,FALSE,FALSE
1_2022-11-24-15-28-59,1,10,FALSE,FALSE,FALSE,CLR,M,FALSE,FALSE
1_2022-11-24-15-34-28,1,10,FALSE,FALSE,FALSE,CLR,M,FALSE,FALSE
1_2022-11-24-15-42-51,1,10,FALSE,FALSE,FALSE,CLR,M,FALSE,FALSE
1_2022-11-24-15-53-25,3,10,FALSE,FALSE,FALSE,CLR,M,FALSE,FALSE
1_2022-11-24-16-10-01,3,10,FALSE,FALSE,FALSE,BKN,6000,FALSE,FALSE
1_2022-11-24-16-28-26,1,10,FALSE,FALSE,FALSE,BKN,6000,FALSE,FALSE
1_2022-11-25-10-30-55,2,10,FALSE,FALSE,FALSE,CLR,M,FALSE,FALSE
1_2022-11-25-11-48-55,1,10,FALSE,FALSE,FALSE,CLR,M,FALSE,FALSE
0_2022-11-25-12-18-53,2,10,FALSE,FALSE,FALSE,CLR,M,FALSE,FALSE
1_2022-11-25-12-54-38,5,10,FALSE,FALSE,FALSE,CLR,M,FALSE,FALSE
1_2022-11-26-12-01-06,1,10,FALSE,FALSE,FALSE,CLR,M,FALSE,FALSE
1_2022-11-26-12-40-59,2,10,FALSE,FALSE,FALSE,CLR,M,FALSE,FALSE
1_2022-11-26-13-29-16,4,10,FALSE,FALSE,FALSE,CLR,M,FALSE,FALSE
1_2022-11-26-14-36-13,3,10,FALSE,FALSE,FALSE,CLR,M,FALSE,FALSE
1_2022-11-26-14-40-55,3,10,FALSE,FALSE,FALSE,CLR,M,FALSE,FALSE
1_2022-11-26-14-57-15,4,10,FALSE,FALSE,FALSE,CLR,M,FALSE,FALSE
0_2022-11-26-15-06-57,6,10,FALSE,FALSE,FALSE,CLR,M,FALSE,FALSE
1_2022-11-27-07-18-20,2,9,FALSE,FALSE,FALSE,FEW,400,FALSE,FALSE
0_2022-11-27-07-18-20,2,9,FALSE,FALSE,FALSE,FEW,400,FALSE,FALSE
1_2022-11-27-07-30-34,1,9,FALSE,FALSE,FALSE,FEW,400,FALSE,FALSE
0_2022-11-27-07-30-34,1,9,FALSE,FALSE,FALSE,FEW,400,FALSE,FALSE
1_2022-11-27-07-42-55,1,9,FALSE,FALSE,FALSE,FEW,400,FALSE,FALSE
0_2022-11-27-07-42-55,1,9,FALSE,FALSE,FALSE,FEW,400,FALSE,FALSE
1_2022-11-27-07-55-57,2,9,FALSE,FALSE,FALSE,FEW,400,FALSE,FALSE
0_2022-11-27-07-55-57,2,9,FALSE,FALSE,FALSE,FEW,400,FALSE,FALSE
1_2022-11-27-08-05-58,2,10,FALSE,FALSE,FALSE,SCT,3000,TRUE,FALSE
0_2022-11-27-08-05-58,2,10,FALSE,FALSE,FALSE,SCT,3000,TRUE,FALSE
0_2022-11-27-08-39-07,1,10,FALSE,FALSE,FALSE,SCT,3000,TRUE,FALSE
1_2022-11-27-09-00-58,4,6,FALSE,FALSE,FALSE,FEW,2800,TRUE,FALSE
0_2022-11-27-09-00-58,4,6,FALSE,FALSE,FALSE,FEW,2800,TRUE,FALSE
0_2022-11-27-09-06-35,2,6,FALSE,FALSE,FALSE,FEW,2800,TRUE,FALSE
1_2022-11-27-09-12-08,4,6,FALSE,FALSE,FALSE,FEW,2800,TRUE,FALSE
0_2022-11-27-09-12-08,4,6,FALSE,FALSE,FALSE,FEW,2800,TRUE,FALSE
1_2022-11-27-09-17-40,5,6,FALSE,FALSE,FALSE,FEW,2800,TRUE,FALSE
0_2022-11-27-09-17-40,5,6,FALSE,FALSE,FALSE,FEW,2800,TRUE,FALSE
1_2022-11-27-09-29-29,1,6,FALSE,FALSE,FALSE,FEW,2800,TRUE,FALSE
0_2022-11-27-09-35-07,1,6,FALSE,FALSE,FALSE,FEW,2800,TRUE,FALSE
0_2022-11-27-09-40-44,1,6,FALSE,FALSE,FALSE,FEW,2800,TRUE,FALSE
1_2022-11-27-09-54-04,1,6,FALSE,FALSE,FALSE,FEW,2800,TRUE,FALSE
0_2022-11-27-09-54-04,1,6,FALSE,FALSE,FALSE,FEW,2800,TRUE,FALSE
0_2022-11-27-09-59-36,1,10,FALSE,FALSE,FALSE,SCT,6000,FALSE,FALSE
0_2022-11-27-10-07-17,3,10,FALSE,FALSE,FALSE,SCT,6000,FALSE,FALSE
0_2022-11-27-10-10-29,1,10,FALSE,FALSE,FALSE,SCT,6000,FALSE,FALSE
0_2022-11-27-11-37-25,1,10,FALSE,FALSE,FALSE,FEW,4000,TRUE,FALSE
1_2022-11-27-12-12-43,2,10,FALSE,FALSE,FALSE,FEW,2900,TRUE,FALSE
1_2022-11-27-12-38-03,2,10,FALSE,FALSE,FALSE,FEW,2900,TRUE,FALSE
1_2022-11-27-14-14-45,1,10,FALSE,FALSE,FALSE,SCT,2800,FALSE,FALSE
0_2022-11-27-14-30-39,4,10,FALSE,FALSE,FALSE,SCT,2800,FALSE,FALSE
1_2022-11-27-14-36-08,2,10,FALSE,FALSE,FALSE,SCT,2800,FALSE,FALSE
1_2022-11-28-10-46-08,1,10,FALSE,FALSE,FALSE,OVC,3700,FALSE,FALSE
0_2022-11-28-11-05-09,1,10,FALSE,FALSE,FALSE,OVC,4100,FALSE,FALSE
1_2022-11-28-13-13-01,1,10,FALSE,FALSE,FALSE,OVC,4000,FALSE,FALSE
0_2022-11-28-13-24-26,3,10,FALSE,FALSE,FALSE,OVC,4000,FALSE,FALSE
1_2022-11-28-13-50-30,1,10,FALSE,FALSE,FALSE,OVC,4000,FALSE,FALSE
0_2022-11-28-13-55-47,4,9,FALSE,FALSE,FALSE,OVC,3700,FALSE,FALSE
0_2022-11-28-14-19-11,2,9,FALSE,FALSE,FALSE,OVC,3700,FALSE,FALSE
0_2022-11-28-14-38-11,2,9,FALSE,FALSE,FALSE,OVC,3700,FALSE,FALSE
1_2022-11-28-15-18-07,1,8,FALSE,FALSE,FALSE,OVC,3600,FALSE,FALSE
0_2022-11-28-15-51-22,3,8,FALSE,FALSE,FALSE,OVC,3600,FALSE,FALSE
1_2022-11-28-16-20-09,3,7,FALSE,FALSE,FALSE,OVC,3200,FALSE,FALSE
1_2022-11-29-07-41-13,2,10,FALSE,FALSE,FALSE,BKN,3600,FALSE,FALSE
1_2022-11-29-07-53-14,5,10,FALSE,FALSE,FALSE,BKN,3600,FALSE,FALSE
0_2022-11-29-08-01-40,2,10,FALSE,FALSE,FALSE,CLR,M,FALSE,FALSE
1_2022-11-29-08-10-23,1,10,FALSE,FALSE,FALSE,CLR,M,FALSE,FALSE
0_2022-11-29-08-10-23,1,10,FALSE,FALSE,FALSE,CLR,M,FALSE,FALSE
0_2022-11-29-08-31-55,1,10,FALSE,FALSE,FALSE,CLR,M,FALSE,FALSE
1_2022-11-29-08-36-29,3,10,FALSE,FALSE,FALSE,CLR,M,FALSE,FALSE
0_2022-11-29-08-36-29,3,10,FALSE,FALSE,FALSE,CLR,M,FALSE,FALSE
1_2022-11-29-08-42-00,4,10,FALSE,FALSE,FALSE,CLR,M,FALSE,FALSE
1_2022-11-29-08-53-40,4,10,FALSE,FALSE,FALSE,CLR,M,FALSE,FALSE
1_2022-11-29-08-59-55,4,10,FALSE,FALSE,FALSE,CLR,M,FALSE,FALSE
0_2022-11-29-08-59-55,4,10,FALSE,FALSE,FALSE,CLR,M,FALSE,FALSE
1_2022-11-29-09-05-31,5,10,FALSE,FALSE,FALSE,CLR,M,FALSE,FALSE
1_2022-11-29-09-16-26,3,10,FALSE,FALSE,FALSE,CLR,M,FALSE,FALSE
0_2022-11-29-09-27-26,5,10,FALSE,FALSE,FALSE,CLR,M,FALSE,FALSE
1_2022-11-29-09-43-34,1,10,FALSE,FALSE,FALSE,CLR,M,FALSE,FALSE
1_2022-11-29-10-02-46,2,10,FALSE,FALSE,FALSE,CLR,M,FALSE,FALSE
1_2022-11-29-10-07-55,3,10,FALSE,FALSE,FALSE,CLR,M,FALSE,FALSE
1_2022-11-29-10-19-55,2,10,FALSE,FALSE,FALSE,CLR,M,FALSE,FALSE
0_2022-11-29-10-19-55,2,10,FALSE,FALSE,FALSE,CLR,M,FALSE,FALSE
1_2022-11-29-10-30-04,3,10,FALSE,FALSE,FALSE,CLR,M,FALSE,FALSE
0_2022-11-29-10-41-12,3,10,FALSE,FALSE,FALSE,CLR,M,FALSE,FALSE
0_2022-11-29-10-46-43,4,10,FALSE,FALSE,FALSE,CLR,M,FALSE,FALSE
0_2022-11-29-10-52-14,4,10,FALSE,FALSE,FALSE,CLR,M,FALSE,FALSE
0_2022-11-29-10-57-49,3,10,FALSE,FALSE,FALSE,CLR,M,FALSE,FALSE
1_2022-11-29-11-11-43,3,10,FALSE,FALSE,FALSE,CLR,M,FALSE,FALSE
0_2022-11-29-11-11-43,3,10,FALSE,FALSE,FALSE,CLR,M,FALSE,FALSE
1_2022-11-29-11-17-45,3,10,FALSE,FALSE,FALSE,CLR,M,FALSE,FALSE
0_2022-11-29-11-17-45,3,10,FALSE,FALSE,FALSE,CLR,M,FALSE,FALSE
0_2022-11-29-11-24-01,3,10,FALSE,FALSE,FALSE,CLR,M,FALSE,FALSE
1_2022-11-29-11-40-17,4,10,FALSE,FALSE,FALSE,CLR,M,FALSE,FALSE
0_2022-11-29-12-11-23,3,10,FALSE,FALSE,FALSE,CLR,M,FALSE,FALSE
0_2022-11-29-13-29-00,3,10,FALSE,FALSE,FALSE,CLR,M,FALSE,FALSE
0_2022-11-29-13-42-20,2,10,FALSE,FALSE,FALSE,CLR,M,FALSE,FALSE
1_2022-11-29-13-56-47,4,10,FALSE,FALSE,FALSE,CLR,M,FALSE,FALSE
1_2022-11-29-15-19-21,4,10,FALSE,FALSE,FALSE,FEW,12000,FALSE,FALSE
0_2022-12-15-12-59-30,2,8,FALSE,FALSE,FALSE,OVC,2400,FALSE,FALSE
0_2022-12-15-13-02-57,1,8,FALSE,FALSE,FALSE,OVC,2400,FALSE,FALSE
1_2022-12-15-13-05-17,2,8,FALSE,FALSE,FALSE,OVC,2400,FALSE,FALSE
0_2022-12-15-13-05-17,2,8,FALSE,FALSE,FALSE,OVC,2400,FALSE,FALSE
0_2022-12-15-13-35-51,2,8,FALSE,FALSE,FALSE,OVC,2400,FALSE,FALSE
0_2022-12-15-14-07-37,1,7,FALSE,FALSE,FALSE,BKN,2200,TRUE,FALSE
0_2022-12-15-14-30-58,3,7,FALSE,FALSE,FALSE,BKN,2200,TRUE,FALSE
0_2022-12-15-16-03-04,1,10,FALSE,FALSE,FALSE,OVC,1900,FALSE,FALSE
1_2022-12-15-16-17-00,2,10,FALSE,FALSE,FALSE,OVC,1900,FALSE,FALSE
0_2022-12-15-16-17-00,2,10,FALSE,FALSE,FALSE,OVC,1900,FALSE,FALSE
1_2022-12-16-07-55-26,3,10,FALSE,FALSE,FALSE,BKN,2900,FALSE,FALSE
1_2022-12-18-13-50-14,4,10,FALSE,FALSE,FALSE,BKN,2500,FALSE,FALSE
1_2022-12-18-14-04-04,2,10,FALSE,FALSE,FALSE,SCT,2300,FALSE,FALSE
1_2022-12-18-14-16-47,2,10,FALSE,FALSE,FALSE,SCT,2300,FALSE,FALSE
0_2022-12-19-11-31-10,3,10,FALSE,FALSE,FALSE,OVC,1700,FALSE,FALSE
0_2022-12-19-11-36-42,2,10,FALSE,FALSE,FALSE,OVC,1700,FALSE,FALSE
0_2022-12-19-12-10-33,1,10,FALSE,FALSE,FALSE,OVC,1700,FALSE,FALSE
1_2022-12-19-12-50-11,3,10,FALSE,FALSE,FALSE,OVC,1700,FALSE,FALSE
1_2022-12-19-14-09-31,3,10,FALSE,FALSE,FALSE,OVC,1700,FALSE,FALSE
0_2022-12-19-15-04-47,2,10,FALSE,FALSE,FALSE,OVC,1700,FALSE,FALSE
0_2022-12-19-15-10-19,3,10,FALSE,FALSE,FALSE,OVC,1700,FALSE,FALSE
0_2022-12-19-15-15-55,1,10,FALSE,FALSE,FALSE,OVC,1700,FALSE,FALSE
1_2022-12-20-14-47-54,2,10,FALSE,FALSE,FALSE,CLR,M,FALSE,FALSE
1_2022-12-20-14-53-25,2,10,FALSE,FALSE,FALSE,CLR,M,FALSE,FALSE
1_2022-12-20-14-58-57,4,10,FALSE,FALSE,FALSE,SCT,8000,FALSE,FALSE
0_2022-12-20-14-58-57,4,10,FALSE,FALSE,FALSE,SCT,8000,FALSE,FALSE
1_2022-12-20-15-30-52,3,10,FALSE,FALSE,FALSE,SCT,8000,FALSE,FALSE
1_2022-12-20-15-40-33,4,10,FALSE,FALSE,FALSE,SCT,8000,FALSE,FALSE
0_2022-12-21-11-50-34,2,10,FALSE,FALSE,FALSE,CLR,M,FALSE,FALSE
0_2022-12-21-12-06-22,2,10,FALSE,FALSE,FALSE,CLR,M,FALSE,FALSE
1_2022-12-21-14-22-01,4,10,FALSE,FALSE,FALSE,CLR,M,FALSE,FALSE
0_2022-12-21-15-40-51,6,10,FALSE,FALSE,FALSE,CLR,M,FALSE,FALSE
0_2022-12-27-10-10-46,3,8,FALSE,FALSE,FALSE,OVC,1500,FALSE,FALSE
0_2022-12-27-13-01-41,4,9,FALSE,FALSE,FALSE,OVC,3200,FALSE,FALSE
0_2022-12-27-14-19-48,2,10,FALSE,FALSE,FALSE,OVC,3400,FALSE,FALSE
1_2022-12-27-14-52-03,3,10,FALSE,FALSE,FALSE,OVC,3400,FALSE,FALSE
0_2022-12-27-14-52-03,3,10,FALSE,FALSE,FALSE,OVC,3400,FALSE,FALSE
0_2022-12-27-15-12-33,5,10,FALSE,FALSE,FALSE,BKN,3500,FALSE,FALSE
1_2022-12-27-15-18-04,2,10,FALSE,FALSE,FALSE,BKN,3500,FALSE,FALSE
0_2022-12-27-15-25-01,1,10,FALSE,FALSE,FALSE,BKN,3500,FALSE,FALSE
0_2022-12-27-15-28-52,1,10,FALSE,FALSE,FALSE,BKN,3500,FALSE,FALSE
1_2022-12-28-09-26-21,3,10,FALSE,FALSE,FALSE,CLR,M,FALSE,FALSE
1_2022-12-28-09-45-27,1,10,FALSE,FALSE,FALSE,CLR,M,FALSE,FALSE
1_2022-12-28-13-05-40,1,10,FALSE,FALSE,FALSE,CLR,M,FALSE,FALSE
1_2022-12-29-09-33-55,2,10,FALSE,FALSE,FALSE,FEW,3100,FALSE,FALSE
1_2022-12-29-13-47-53,5,10,FALSE,FALSE,FALSE,BKN,4000,FALSE,FALSE
0_2022-12-29-15-36-33,1,10,FALSE,FALSE,FALSE,OVC,4900,FALSE,FALSE
0_2022-12-30-09-00-10,2,10,FALSE,FALSE,FALSE,SCT,7000,FALSE,FALSE
0_2022-12-30-09-05-42,5,10,FALSE,FALSE,FALSE,SCT,7000,FALSE,FALSE
1_2023-02-17-15-33-31,1,10,FALSE,FALSE,FALSE,OVC,3400,FALSE,FALSE
1_2023-02-17-16-06-26,3,8,FALSE,FALSE,FALSE,OVC,3300,FALSE,FALSE
0_2023-02-17-16-18-19,3,8,FALSE,FALSE,FALSE,OVC,3300,FALSE,FALSE
1_2023-02-17-16-37-38,2,8,FALSE,FALSE,FALSE,OVC,3300,FALSE,FALSE
0_2023-02-19-14-56-24,1,10,FALSE,FALSE,FALSE,CLR,M,FALSE,FALSE
1_2023-02-19-16-07-18,1,10,FALSE,FALSE,FALSE,CLR,M,FALSE,FALSE
0_2023-02-19-16-07-18,1,10,FALSE,FALSE,FALSE,CLR,M,FALSE,FALSE
1_2023-02-20-11-09-48,1,10,FALSE,FALSE,FALSE,OVC,6000,FALSE,FALSE
1_2023-02-20-13-29-40,7,8,FALSE,FALSE,FALSE,BKN,4000,TRUE,FALSE
1_2023-02-22-15-21-49,1,10,FALSE,FALSE,FALSE,BKN,7500,FALSE,FALSE
1_2023-02-23-12-17-01,5,10,FALSE,FALSE,FALSE,FEW,7000,FALSE,FALSE
